{"_timestamp":1.7449386858125849e+09,"train/train_mae":0.10228978842496872,"_step":19,"_runtime":9.317449365,"_wandb":{"runtime":9},"val/val_loss":0.05184450548820066,"val/val_mae":0.18359604477882385,"train/train_loss":0.009069915438291207,"learning_rate":0.0002750000000000001}