{"_wandb":{"runtime":21},"_step":49,"train/train_loss":0.07528826767160865,"train/train_mae":NaN,"train/train_accuracy":6.88212927756654,"learning_rate":0.00031470588235294123,"_timestamp":1.7452450832352552e+09,"_runtime":21.407276107}