{"learning_rate":0.00031470588235294123,"_timestamp":1.7452441343141596e+09,"_runtime":21.294445922,"_step":49,"train/train_loss":0.039841845447459605,"_wandb":{"runtime":21},"train/train_mae":NaN,"train/train_accuracy":13.003802281368822}