{"_step":49,"train/train_loss":0.026147008424460553,"train/train_mae":NaN,"_wandb":{"runtime":22},"train/train_accuracy":7.129455909943715,"learning_rate":0.00031470588235294123,"_timestamp":1.7452469975281181e+09,"_runtime":22.022977771}