{"_step":0,"train/train_loss":0.784310987559698,"train/train_mae":0.7183332443237305,"_wandb":{"runtime":2},"_timestamp":1.7449386063678741e+09,"_runtime":2.989046325,"learning_rate":6.125000000000001e-05,"val/val_mae":0.930692195892334,"val/val_loss":0.9710978891538538}