{"train/train_loss":0.09317554516707308,"_wandb":{"runtime":4},"train/train_mae":NaN,"train/train_accuracy":2.1575984990619137,"learning_rate":8.176470588235295e-05,"_timestamp":1.745246869903751e+09,"_runtime":4.80611657,"_step":5}