{"_wandb":{"runtime":2},"_runtime":2.144654103,"val/val_mae":1.185779094696045,"learning_rate":6.125000000000001e-05,"train/train_loss":0.9395852661901904,"_timestamp":1.744938957429944e+09,"_step":0,"val/val_loss":1.512291203374448,"train/train_mae":0.7701576948165894}