{"train/train_loss":0.02357944165544138,"train/train_mae":NaN,"train/train_accuracy":16.825095057034222,"learning_rate":0.00031470588235294123,"_timestamp":1.745245484867742e+09,"_runtime":21.467939708,"_wandb":{"runtime":21},"_step":49}