{"train/train_loss":0.006629538557672795,"_wandb":{"runtime":56},"_runtime":56.698677143,"val/val_loss":0.005869495230039344,"_step":99,"val/val_accuracy":0,"learning_rate":0.0004957433600554771,"val/val_mae":0.06372715532779694,"train/train_accuracy":32.56653992395437,"_timestamp":1.7452411020992856e+09,"train/train_mae":NaN}