{"train/train_mae":NaN,"train/train_accuracy":2.406015037593985,"learning_rate":0.00031470588235294123,"_timestamp":1.7452460773001611e+09,"_runtime":68.538453953,"_step":49,"train/train_loss":0.10325081803296741,"_wandb":{"runtime":68}}