{"val/val_loss":0.26648741471018766,"_runtime":2.971056918,"_step":0,"train/train_mae":0.6152273416519165,"_wandb":{"runtime":2},"_timestamp":1.744938306876766e+09,"train/train_loss":0.6068295841896406,"val/val_mae":0.3972278833389282,"learning_rate":6.125000000000001e-05}